{"license":"BSD 3-Clause","file_hash":null,"name":"Rhythm","version":"2022.3.3","description":"Built against Dynamo 2.0.x+ and Revit 2020+. Rhythm is a set of useful nodes to help your Revit project maintain a good rhythm with Dynamo. Rhythm is authored by John Pierson (@60secondrevit) of Parallax Team (http://www.parallaxteam.com/) and sixtysecondrevit.com. ","group":"Breaking CAD","keywords":["documentation","dimension","curtainwall","open","document","copy","unopened","background","sketch"],"dependencies":[],"host_dependencies":["IronPython2"],"contents":"","engine_version":"2.12.0.5740","engine":"dynamo","engine_metadata":"","site_url":"http://www.sixtysecondrevit.com","repository_url":"https://github.com/sixtysecondrevit/RhythmForDynamo","contains_binaries":true,"node_libraries":["RhythmCore, Version=2022.3.1.0, Culture=neutral, PublicKeyToken=null","RhythmRevit, Version=2022.3.3.0, Culture=neutral, PublicKeyToken=null","RhythmUI, Version=2022.3.2.0, Culture=neutral, PublicKeyToken=null"]}