{"license":null,"file_hash":null,"name":"VASA","version":"0.2.0","description":"Voxel-based Architectural Space Analysis (VASA): Voxelization and analysis of 3D buildings and urban environments. Features include conversion of Dynamo geometry or triangle data into voxel models, 3D pathfinding, voxel-based daylight and visibility analysis, and sample point generation. VASA also provides solid, surface modification, fill, proximity, and density mapping operations for voxel models, and supports the importing and exporting of triangle data in STL format. Developed by Autodesk Research. Built for Dynamo 2.5 and higher.","group":"","keywords":["voxel","grid","space","analysis","pathfinding","daylight","visibility","isovist","generative","design"],"dependencies":[],"host_dependencies":[],"contents":"","engine_version":"2.10.1.4002","engine":"dynamo","engine_metadata":"","site_url":"","repository_url":"","contains_binaries":true,"node_libraries":["VASA, Version=1.0.0.0, Culture=neutral, PublicKeyToken=null"]}