{
    "license": "MIT License",
    "file_hash": null,
    "name": "DynaShape",
    "version": "0.7.30.0",
    "description": "",
    "group": "DynaShape",
    "keywords": [],
    "dependencies": [
        {
            "name":"MeshToolkit",
            "version":"3.0.0.0"
        }
    ],
    "contents": "",
    "engine_version": "2.0.0",
    "engine": "dynamo",
    "engine_metadata": "",
    "site_url": "",
    "repository_url": "https://github.com/LongNguyenP/DynaShape",
    "contains_binaries": true,
    "node_libraries": [
        "DynaShape, Version=0.7.40.0, Culture=neutral, PublicKeyToken=null",
        "DynaSpace, Version=0.7.40.0, Culture=neutral, PublicKeyToken=null"
    ]
}