{"license":"","file_hash":null,"name":"MeshToolkit","version":"3.0.0","description":"Dynamo MeshToolkit backed by AMT. For more information, visit https://github.com/DynamoDS/Dynamo/wiki/Dynamo-Mesh-Toolkit. This package depends on the Visual C++ 2019 redistributable available here: https://support.microsoft.com/en-us/help/2977003/the-latest-supported-visual-c-downloads. WARNING: VERY LARGE DOWNLOAD!","group":"MeshToolkit","keywords":["mesh","geometry","obj"],"dependencies":[],"contents":"","engine_version":"2.1.0.7733","engine":"dynamo","engine_metadata":"","site_url":"","repository_url":"","contains_binaries":true,"node_libraries":["MeshToolkit, Version=3.0.0.0, Culture=neutral, PublicKeyToken=null"]}