{"license":"MIT","file_hash":null,"name":"Refinery Toolkit","version":"3.0.2","description":"Collection of nodes to be used in Generative Design workflows","group":"","keywords":["generative","design","refinery","revit","massing","space","planning"],"dependencies":[],"host_dependencies":[],"contents":"","engine_version":"3.3.0.6046","engine":"dynamo","engine_metadata":"","site_url":"","repository_url":"","contains_binaries":true,"node_libraries":["Autodesk.RefineryToolkits.MassingRevit, Version=3.0.1.1, Culture=neutral, PublicKeyToken=null","Autodesk.RefineryToolkits.MassingSandbox, Version=3.0.1.1, Culture=neutral, PublicKeyToken=null","Autodesk.RefineryToolkits.SpacePlanning, Version=3.0.1.1, Culture=neutral, PublicKeyToken=null"],"copyright_holder":"DynamoTeam","copyright_year":"2024"}