{"license":"","file_hash":null,"name":"VASA","version":"0.1.0","description":"Voxel-based Architectural Space Analysis (VASA): Voxelization and analysis of 3D building and urban geometry. Features include 3D pathfinding, voxel-based daylight and visibility analysis, and various solid, surface modification, and fill operations for voxel models. Developed by Autodesk Research. Built for Dynamo 2.5 and higher.","group":"Autodesk Research","keywords":["voxel","grid","space","analysis","pathfinding","daylight","visibility","isovist","generative","design"],"dependencies":[],"host_dependencies":[],"contents":"","engine_version":"2.10.1.4002","engine":"dynamo","engine_metadata":"","site_url":"https://autodesk.com/research","repository_url":"","contains_binaries":true,"node_libraries":["VASA.customization, Version=0.0.0.0, Culture=neutral, PublicKeyToken=null","VASA, Version=1.0.0.0, Culture=neutral, PublicKeyToken=null","VASA-CLI-Wrapper, Version=1.0.7941.24842, Culture=neutral, PublicKeyToken=null"]}