{"license":"BSD 3-Clause","file_hash":null,"name":"Rhythm","version":"2022.4.3","description":"Rhythm is a set of useful nodes to help your Revit project maintain a good rhythm with Dynamo. Rhythm is authored by John Pierson (@60secondrevit) of Parallax Team (http://www.parallaxteam.com/) and designtechunraveled.com. \n\nSupported Revit versions are 2019-2023, with supported Dynamo versions being 2.0.4 - 2.13.x","group":"Breaking CAD","keywords":["documentation","dimension","curtainwall","open","document","copy","unopened","background","sketch"],"dependencies":[],"host_dependencies":["IronPython2"],"contents":"","engine_version":"2.12.0.5740","engine":"dynamo","engine_metadata":"","site_url":"https://designtechunraveled.com/","repository_url":"https://github.com/johnpierson/RhythmForDynamo","contains_binaries":true,"node_libraries":["RhythmCore, Version=2022.4.2.0, Culture=neutral, PublicKeyToken=null","RhythmRevit, Version=2022.4.3.0, Culture=neutral, PublicKeyToken=null","RhythmUI, Version=2022.4.2.0, Culture=neutral, PublicKeyToken=null"]}